emission,file
les enjeux internationaux,treemap_fixed__les_enjeux_internationaux.html
revue de presse internationale,treemap_fixed__revue_de_presse_internationale.html
journal de 18h,treemap_fixed__journal_de_18h.html
l'info de france inter,treemap_fixed__l_info_de_france_inter.html
geopolitique,treemap_fixed__geopolitique.html
journal de 12h30,treemap_fixed__journal_de_12h30.html
la revue de presse,treemap_fixed__la_revue_de_presse.html
journal de 8 h,treemap_fixed__journal_de_8_h.html
les nuits de france culture,treemap_fixed__les_nuits_de_france_culture.html
le wake-up mix,treemap_fixed__le_wake_up_mix.html
la question du jour,treemap_fixed__la_question_du_jour.html
cultures monde,treemap_fixed__cultures_monde.html
le cours de l'histoire,treemap_fixed__le_cours_de_l_histoire.html
le zoom de la redaction,treemap_fixed__le_zoom_de_la_redaction.html
la revue de presse internationale,treemap_fixed__la_revue_de_presse_internationale.html
l'invite de 8h20 : le grand entretien,treemap_fixed__l_invite_de_8h20_le_grand_entretien.html
creation mondiale,treemap_fixed__creation_mondiale.html
le reportage de la redaction,treemap_fixed__le_reportage_de_la_redaction.html
les petits matins,treemap_fixed__les_petits_matins.html
journal de 7h,treemap_fixed__journal_de_7h.html
les histoires du monde,treemap_fixed__les_histoires_du_monde.html
l'invite de 6h20,treemap_fixed__l_invite_de_6h20.html
les p'tits bateaux,treemap_fixed__les_p_tits_bateaux.html
journal de 7 h,treemap_fixed__journal_de_7_h.html
les pieds sur terre,treemap_fixed__les_pieds_sur_terre.html
a voix nue,treemap_fixed__a_voix_nue.html
grand bien vous fasse !,treemap_fixed__grand_bien_vous_fasse.html
l'invite de 7h50,treemap_fixed__l_invite_de_7h50.html
la main verte,treemap_fixed__la_main_verte.html
l'invite(e) des matins,treemap_fixed__l_invite_e_des_matins.html
l'edito eco,treemap_fixed__l_edito_eco.html
les cours du college de france,treemap_fixed__les_cours_du_college_de_france.html
les midis de culture,treemap_fixed__les_midis_de_culture.html
journal de 22h,treemap_fixed__journal_de_22h.html
un jour dans le monde,treemap_fixed__un_jour_dans_le_monde.html
le telephone sonne,treemap_fixed__le_telephone_sonne.html
"lsd, la serie documentaire",treemap_fixed__lsd_la_serie_documentaire.html
la methode scientifique,treemap_fixed__la_methode_scientifique.html
fictions / le feuilleton,treemap_fixed__fictions_le_feuilleton.html
entendez-vous l'eco ?,treemap_fixed__entendez_vous_l_eco.html
le temps du debat,treemap_fixed__le_temps_du_debat.html
capture d'ecrans,treemap_fixed__capture_d_ecrans.html
affaires sensibles,treemap_fixed__affaires_sensibles.html
l'esprit d'initiative,treemap_fixed__l_esprit_d_initiative.html
grand angle,treemap_fixed__grand_angle.html
la terre au carre,treemap_fixed__la_terre_au_carre.html
culturesmonde,treemap_fixed__culturesmonde.html
la marche de l'histoire,treemap_fixed__la_marche_de_l_histoire.html
un monde nouveau,treemap_fixed__un_monde_nouveau.html
maxxi classique,treemap_fixed__maxxi_classique.html
le concert de 20h,treemap_fixed__le_concert_de_20h.html
jacques bonnaffe lit la poesie,treemap_fixed__jacques_bonnaffe_lit_la_poesie.html
l'humeur du matin par guillaume erner,treemap_fixed__l_humeur_du_matin_par_guillaume_erner.html
boomerang,treemap_fixed__boomerang.html
veille sanitaire,treemap_fixed__veille_sanitaire.html
mouv' actu,treemap_fixed__mouv_actu.html
fictions / la vie moderne,treemap_fixed__fictions_la_vie_moderne.html
affaires culturelles,treemap_fixed__affaires_culturelles.html
du grain a moudre,treemap_fixed__du_grain_a_moudre.html
l'instant m,treemap_fixed__l_instant_m.html
le journal des idees,treemap_fixed__le_journal_des_idees.html
alla breve,treemap_fixed__alla_breve.html
histoires economiques,treemap_fixed__histoires_economiques.html
l'esprit public,treemap_fixed__l_esprit_public.html
le monde d'apres,treemap_fixed__le_monde_d_apres.html
le nouveau rendez-vous,treemap_fixed__le_nouveau_rendez_vous.html
les 80'',treemap_fixed__les_80.html
la grande table idees,treemap_fixed__la_grande_table_idees.html
le billet politique,treemap_fixed__le_billet_politique.html
affaires etrangeres,treemap_fixed__affaires_etrangeres.html
la bande originale,treemap_fixed__la_bande_originale.html
la suite dans les idees,treemap_fixed__la_suite_dans_les_idees.html
mouv' rap club,treemap_fixed__mouv_rap_club.html
les carnets de la creation,treemap_fixed__les_carnets_de_la_creation.html
le pourquoi du comment : economie et social,treemap_fixed__le_pourquoi_du_comment_economie_et_social.html
bulles de bd,treemap_fixed__bulles_de_bd.html
l'edito m,treemap_fixed__l_edito_m.html
le grand bang,treemap_fixed__le_grand_bang.html
la chronique d'anthony bellanger,treemap_fixed__la_chronique_d_anthony_bellanger.html
le billet economique,treemap_fixed__le_billet_economique.html
l'heure bleue,treemap_fixed__l_heure_bleue.html
les grands entretiens,treemap_fixed__les_grands_entretiens.html
les matins,treemap_fixed__les_matins.html
l'edito carre,treemap_fixed__l_edito_carre.html
les chemins de la philosophie,treemap_fixed__les_chemins_de_la_philosophie.html
le reveil culturel,treemap_fixed__le_reveil_culturel.html
on va deguster,treemap_fixed__on_va_deguster.html
disques de legende,treemap_fixed__disques_de_legende.html
relax !,treemap_fixed__relax.html
la tete au carre,treemap_fixed__la_tete_au_carre.html
l'edito politique,treemap_fixed__l_edito_politique.html
esprit sport,treemap_fixed__esprit_sport.html
les savanturiers,treemap_fixed__les_savanturiers.html
la grande table culture,treemap_fixed__la_grande_table_culture.html
le concert du soir,treemap_fixed__le_concert_du_soir.html
questions d'islam,treemap_fixed__questions_d_islam.html
le bach du dimanche,treemap_fixed__le_bach_du_dimanche.html
le pourquoi du comment : philo,treemap_fixed__le_pourquoi_du_comment_philo.html
on n'arrete pas l'eco,treemap_fixed__on_n_arrete_pas_l_eco.html
sous les radars,treemap_fixed__sous_les_radars.html
talmudiques,treemap_fixed__talmudiques.html
top mouv' booster,treemap_fixed__top_mouv_booster.html
plan large,treemap_fixed__plan_large.html
affaire en cours,treemap_fixed__affaire_en_cours.html
france culture va plus loin (l'invite(e) des matins),treemap_fixed__france_culture_va_plus_loin_l_invite_e_des_matins.html
la cantate,treemap_fixed__la_cantate.html
le tour du monde des idees,treemap_fixed__le_tour_du_monde_des_idees.html
sous la couverture,treemap_fixed__sous_la_couverture.html
zoom zoom zen,treemap_fixed__zoom_zoom_zen.html
journal de 9h,treemap_fixed__journal_de_9h.html
la fabrique de l'histoire,treemap_fixed__la_fabrique_de_l_histoire.html
par les temps qui courent,treemap_fixed__par_les_temps_qui_courent.html
"carbone 14, le magazine de l'archeologie",treemap_fixed__carbone_14_le_magazine_de_l_archeologie.html
le hashtag mix,treemap_fixed__le_hashtag_mix.html
nan,treemap_fixed__nan.html
les bonnes choses,treemap_fixed__les_bonnes_choses.html
la dispute,treemap_fixed__la_dispute.html
l'experimentale,treemap_fixed__l_experimentale.html
le journal de 19h,treemap_fixed__le_journal_de_19h.html
le regard culturel,treemap_fixed__le_regard_culturel.html
retour de plage,treemap_fixed__retour_de_plage.html
le bach du matin,treemap_fixed__le_bach_du_matin.html
le journal de l'eco,treemap_fixed__le_journal_de_l_eco.html
first mike radio show,treemap_fixed__first_mike_radio_show.html
"la science, cqfd",treemap_fixed__la_science_cqfd.html
etonnez-moi benoit,treemap_fixed__etonnez_moi_benoit.html
la grande table (2eme partie),treemap_fixed__la_grande_table_2eme_partie.html
popopop,treemap_fixed__popopop.html
culture de l'info,treemap_fixed__culture_de_l_info.html
le 18/20 · un jour dans le monde,treemap_fixed__le_18_20_un_jour_dans_le_monde.html
histoires politiques,treemap_fixed__histoires_politiques.html
un monde connecte,treemap_fixed__un_monde_connecte.html
concordance des temps,treemap_fixed__concordance_des_temps.html
la grande table (1ere partie),treemap_fixed__la_grande_table_1ere_partie.html
le temps d'un bivouac,treemap_fixed__le_temps_d_un_bivouac.html
l'experience,treemap_fixed__l_experience.html
bestioles,treemap_fixed__bestioles.html
l'invite des matins,treemap_fixed__l_invite_des_matins.html
carnets de campagne,treemap_fixed__carnets_de_campagne.html
affaire a suivre,treemap_fixed__affaire_a_suivre.html
les nouvelles vagues,treemap_fixed__les_nouvelles_vagues.html
musicopolis,treemap_fixed__musicopolis.html
avec sciences,treemap_fixed__avec_sciences.html
le warm-up mix,treemap_fixed__le_warm_up_mix.html
41 le mag,treemap_fixed__41_le_mag.html
par jupiter !,treemap_fixed__par_jupiter.html
le pourquoi du comment : histoire,treemap_fixed__le_pourquoi_du_comment_histoire.html
creation mondiale : l'integrale,treemap_fixed__creation_mondiale_l_integrale.html
fictions / theatre et cie,treemap_fixed__fictions_theatre_et_cie.html
quinze,treemap_fixed__quinze.html
etre et savoir,treemap_fixed__etre_et_savoir.html
l'art est la matiere,treemap_fixed__l_art_est_la_matiere.html
le masque et la plume,treemap_fixed__le_masque_et_la_plume.html
le journal de 8h,treemap_fixed__le_journal_de_8h.html
en mode,treemap_fixed__en_mode.html
"de cause a effets, le magazine de l'environnement",treemap_fixed__de_cause_a_effets_le_magazine_de_l_environnement.html
carrefour de la creation (l'integrale),treemap_fixed__carrefour_de_la_creation_l_integrale.html
le billet de charline vanhoenacker,treemap_fixed__le_billet_de_charline_vanhoenacker.html
l'invite(e) du jour,treemap_fixed__l_invite_e_du_jour.html
samedi a l'opera,treemap_fixed__samedi_a_l_opera.html
l'instant poesie,treemap_fixed__l_instant_poesie.html
interception,treemap_fixed__interception.html
"en pistes, contemporains !",treemap_fixed__en_pistes_contemporains.html
la chronique de jean-marc four,treemap_fixed__la_chronique_de_jean_marc_four.html
un autre jour est possible,treemap_fixed__un_autre_jour_est_possible.html
le journal de 8 h,treemap_fixed__le_journal_de_8_h.html
soft power,treemap_fixed__soft_power.html
poesie et ainsi de suite,treemap_fixed__poesie_et_ainsi_de_suite.html
"l'info culturelle : reportages, enquetes, analyses",treemap_fixed__l_info_culturelle_reportages_enquetes_analyses.html
les grandes traversees,treemap_fixed__les_grandes_traversees.html
la grande table d'ete,treemap_fixed__la_grande_table_d_ete.html
"une histoire particuliere, un recit documentaire en deux parties",treemap_fixed__une_histoire_particuliere_un_recit_documentaire_en_deux_parties.html
nouvelles tetes,treemap_fixed__nouvelles_tetes.html
l'eloge du savoir,treemap_fixed__l_eloge_du_savoir.html
regardez voir,treemap_fixed__regardez_voir.html
le 18/20 · le telephone sonne,treemap_fixed__le_18_20_le_telephone_sonne.html
culture internet,treemap_fixed__culture_internet.html
l'invite de 8h20,treemap_fixed__l_invite_de_8h20.html
le vif de l'histoire,treemap_fixed__le_vif_de_l_histoire.html
bang ! bang !,treemap_fixed__bang_bang.html
l'interview de 9h20,treemap_fixed__l_interview_de_9h20.html
la chronique de constance vilanova,treemap_fixed__la_chronique_de_constance_vilanova.html
reporterter,treemap_fixed__reporterter.html
les enjeux territoriaux,treemap_fixed__les_enjeux_territoriaux.html
les mitonnages de jacky,treemap_fixed__les_mitonnages_de_jacky.html
le monde a 18h50,treemap_fixed__le_monde_a_18h50.html
le marche de francois-regis gaudry,treemap_fixed__le_marche_de_francois_regis_gaudry.html
la chronique environnement,treemap_fixed__la_chronique_environnement.html
sans oser le demander,treemap_fixed__sans_oser_le_demander.html
les enjeux,treemap_fixed__les_enjeux.html
musique matin,treemap_fixed__musique_matin.html
ma vie de parent,treemap_fixed__ma_vie_de_parent.html
"les 80"" de...",treemap_fixed__les_80_de.html
journal de la creation,treemap_fixed__journal_de_la_creation.html
on ne parle pas la bouche pleine !,treemap_fixed__on_ne_parle_pas_la_bouche_pleine.html
chretiens d'orient,treemap_fixed__chretiens_d_orient.html
le disque contemporain de la semaine,treemap_fixed__le_disque_contemporain_de_la_semaine.html
les masterclasses,treemap_fixed__les_masterclasses.html
esprit d'initiative,treemap_fixed__esprit_d_initiative.html
le choix de la redaction,treemap_fixed__le_choix_de_la_redaction.html
le journal de 7h30,treemap_fixed__le_journal_de_7h30.html
le zoom de france inter,treemap_fixed__le_zoom_de_france_inter.html
sur les epaules de darwin,treemap_fixed__sur_les_epaules_de_darwin.html
dr juice,treemap_fixed__dr_juice.html
carrefour de la creation,treemap_fixed__carrefour_de_la_creation.html
les tresors de france musique,treemap_fixed__les_tresors_de_france_musique.html
les enjeux des reseaux sociaux,treemap_fixed__les_enjeux_des_reseaux_sociaux.html
le point culture,treemap_fixed__le_point_culture.html
kyky show,treemap_fixed__kyky_show.html
l'invite(e) des matins d'ete,treemap_fixed__l_invite_e_des_matins_d_ete.html
le journal de 7h30 du week-end,treemap_fixed__le_journal_de_7h30_du_week_end.html
questions du soir : l'idee,treemap_fixed__questions_du_soir_l_idee.html
secrets d'info,treemap_fixed__secrets_d_info.html
a l'improviste,treemap_fixed__a_l_improviste.html
dans la playlist de france inter,treemap_fixed__dans_la_playlist_de_france_inter.html
l'after,treemap_fixed__l_after.html
le journal de 18h,treemap_fixed__le_journal_de_18h.html
allegretto,treemap_fixed__allegretto.html
very good trip,treemap_fixed__very_good_trip.html
c'est la france,treemap_fixed__c_est_la_france.html
le journal de 13h,treemap_fixed__le_journal_de_13h.html
l'atelier fiction,treemap_fixed__l_atelier_fiction.html
le grand format,treemap_fixed__le_grand_format.html
rue des ecoles,treemap_fixed__rue_des_ecoles.html
l'invite de 7h50 du week-end,treemap_fixed__l_invite_de_7h50_du_week_end.html
le cri du patchwork,treemap_fixed__le_cri_du_patchwork.html
chroniques littorales,treemap_fixed__chroniques_littorales.html
le reportage d'un jour dans le monde,treemap_fixed__le_reportage_d_un_jour_dans_le_monde.html
pop & co,treemap_fixed__pop_co.html
arabesques,treemap_fixed__arabesques.html
tout un monde,treemap_fixed__tout_un_monde.html
grand reportage,treemap_fixed__grand_reportage.html
le grand tour,treemap_fixed__le_grand_tour.html
le billet culturel,treemap_fixed__le_billet_culturel.html
scarlatti 555,treemap_fixed__scarlatti_555.html
le book club,treemap_fixed__le_book_club.html
le journal de la culture,treemap_fixed__le_journal_de_la_culture.html
after rap,treemap_fixed__after_rap.html
les quadrithemes de charles dantzig,treemap_fixed__les_quadrithemes_de_charles_dantzig.html
tapage nocturne,treemap_fixed__tapage_nocturne.html
une journee particuliere,treemap_fixed__une_journee_particuliere.html
debattle,treemap_fixed__debattle.html
geographie a la carte,treemap_fixed__geographie_a_la_carte.html
regarde la france,treemap_fixed__regarde_la_france.html
l'invite d'un jour dans le monde,treemap_fixed__l_invite_d_un_jour_dans_le_monde.html
comme personne,treemap_fixed__comme_personne.html
"paso doble, le grand entretien de l'actualite culturelle",treemap_fixed__paso_doble_le_grand_entretien_de_l_actualite_culturelle.html
signes des temps,treemap_fixed__signes_des_temps.html
un ete avec,treemap_fixed__un_ete_avec.html
carrefour de lodeon acte 2,treemap_fixed__carrefour_de_lodeon_acte_2.html
mouv' actu soir,treemap_fixed__mouv_actu_soir.html
toute une vie,treemap_fixed__toute_une_vie.html
superfail,treemap_fixed__superfail.html
le debat de midi,treemap_fixed__le_debat_de_midi.html
dirty mix,treemap_fixed__dirty_mix.html
une histoire particuliere,treemap_fixed__une_histoire_particuliere.html
la compagnie des auteurs,treemap_fixed__la_compagnie_des_auteurs.html
au fil de l'actu,treemap_fixed__au_fil_de_l_actu.html
la theorie,treemap_fixed__la_theorie.html
la chronique tourisme,treemap_fixed__la_chronique_tourisme.html
delmas fait son cinema,treemap_fixed__delmas_fait_son_cinema.html
questions du soir : le debat,treemap_fixed__questions_du_soir_le_debat.html
la chronique de jules thiebaut,treemap_fixed__la_chronique_de_jules_thiebaut.html
une semaine en france,treemap_fixed__une_semaine_en_france.html
bienvenue au club,treemap_fixed__bienvenue_au_club.html
france culture va plus loin le samedi,treemap_fixed__france_culture_va_plus_loin_le_samedi.html
l'invite des matins (2eme partie),treemap_fixed__l_invite_des_matins_2eme_partie.html
orthodoxie,treemap_fixed__orthodoxie.html
les cartes en mouvement,treemap_fixed__les_cartes_en_mouvement.html
les odyssees,treemap_fixed__les_odyssees.html
le debat du 7/10,treemap_fixed__le_debat_du_7_10.html
la face b de l'actualite internationale,treemap_fixed__la_face_b_de_l_actualite_internationale.html
camille passe au vert,treemap_fixed__camille_passe_au_vert.html
co2 mon amour,treemap_fixed__co2_mon_amour.html
revue de presse culturelle d'antoine guillot,treemap_fixed__revue_de_presse_culturelle_d_antoine_guillot.html
ping pong,treemap_fixed__ping_pong.html
profession reporter,treemap_fixed__profession_reporter.html
le grand atelier,treemap_fixed__le_grand_atelier.html
repliques,treemap_fixed__repliques.html
les matins du samedi,treemap_fixed__les_matins_du_samedi.html
les podcasts du week-end,treemap_fixed__les_podcasts_du_week_end.html
rapophonie,treemap_fixed__rapophonie.html
une histoire et... oli,treemap_fixed__une_histoire_et_oli.html
le billet de daniel morin,treemap_fixed__le_billet_de_daniel_morin.html
en toute subjectivite,treemap_fixed__en_toute_subjectivite.html
moins de 10k,treemap_fixed__moins_de_10k.html
sur la route,treemap_fixed__sur_la_route.html
repassez-moi l'standard,treemap_fixed__repassez_moi_l_standard.html
"radiographies du coronavirus, la chronique",treemap_fixed__radiographies_du_coronavirus_la_chronique.html
la compagnie des poetes,treemap_fixed__la_compagnie_des_poetes.html
la bulle economique,treemap_fixed__la_bulle_economique.html
le monde a l'envers,treemap_fixed__le_monde_a_l_envers.html
ce qui nous arrive demain | 14-15,treemap_fixed__ce_qui_nous_arrive_demain_14_15.html
l'instant tele,treemap_fixed__l_instant_tele.html
du grain a moudre d'ete,treemap_fixed__du_grain_a_moudre_d_ete.html
questions politiques,treemap_fixed__questions_politiques.html
le magazine du week-end,treemap_fixed__le_magazine_du_week_end.html
l'urbanisme demain,treemap_fixed__l_urbanisme_demain.html
la conclusion,treemap_fixed__la_conclusion.html
la une de la science,treemap_fixed__la_une_de_la_science.html
l'as-tu lu mon p'tit loup ?,treemap_fixed__l_as_tu_lu_mon_p_tit_loup.html
hors-champs,treemap_fixed__hors_champs.html
divers aspects de la pensee contemporaine,treemap_fixed__divers_aspects_de_la_pensee_contemporaine.html
le portrait contemporain,treemap_fixed__le_portrait_contemporain.html
net plus ultra,treemap_fixed__net_plus_ultra.html
mouv' dj : r-ash,treemap_fixed__mouv_dj_r_ash.html
le journal de l'histoire,treemap_fixed__le_journal_de_l_histoire.html
le screen,treemap_fixed__le_screen.html
coffee show,treemap_fixed__coffee_show.html
"guerre en ukraine, le podcast",treemap_fixed__guerre_en_ukraine_le_podcast.html
science publique,treemap_fixed__science_publique.html
le monde vivant,treemap_fixed__le_monde_vivant.html
au singulier,treemap_fixed__au_singulier.html
le magazine de la redaction,treemap_fixed__le_magazine_de_la_redaction.html
la revue de presse du week-end,treemap_fixed__la_revue_de_presse_du_week_end.html
rendez-vous avec x,treemap_fixed__rendez_vous_avec_x.html
le grand reportage,treemap_fixed__le_grand_reportage.html
autant en emporte l'histoire,treemap_fixed__autant_en_emporte_l_histoire.html
avec philosophie,treemap_fixed__avec_philosophie.html
l'invite du week-end,treemap_fixed__l_invite_du_week_end.html
la grande table,treemap_fixed__la_grande_table.html
la chronique cuisine d'elvira masson,treemap_fixed__la_chronique_cuisine_d_elvira_masson.html
affaire critique,treemap_fixed__affaire_critique.html
les essentiels,treemap_fixed__les_essentiels.html
mouv' dj : muxxa,treemap_fixed__mouv_dj_muxxa.html
good morning cefran,treemap_fixed__good_morning_cefran.html
deja debout,treemap_fixed__deja_debout.html
on aura tout vu,treemap_fixed__on_aura_tout_vu.html
le moment meurice,treemap_fixed__le_moment_meurice.html
rezo,treemap_fixed__rezo.html
la vie numerique,treemap_fixed__la_vie_numerique.html
la recherche montre en main,treemap_fixed__la_recherche_montre_en_main.html
la fabrique mediatique,treemap_fixed__la_fabrique_mediatique.html
pas son genre,treemap_fixed__pas_son_genre.html
comme un bruit qui court,treemap_fixed__comme_un_bruit_qui_court.html
la science au labo,treemap_fixed__la_science_au_labo.html
samedi fiction,treemap_fixed__samedi_fiction.html
carrefour des ameriques,treemap_fixed__carrefour_des_ameriques.html
les 80'' de nicolas demorand,treemap_fixed__les_80_de_nicolas_demorand.html
foule continentale,treemap_fixed__foule_continentale.html
les echos d'ailleurs,treemap_fixed__les_echos_d_ailleurs.html
la transition de la semaine,treemap_fixed__la_transition_de_la_semaine.html
mauvais genres,treemap_fixed__mauvais_genres.html
creation on air,treemap_fixed__creation_on_air.html
yatta !,treemap_fixed__yatta.html
la chronique cuisine,treemap_fixed__la_chronique_cuisine.html
blockbusters,treemap_fixed__blockbusters.html
l'enquete de secrets d'info,treemap_fixed__l_enquete_de_secrets_d_info.html
chronique de l'espace,treemap_fixed__chronique_de_l_espace.html
hashtag,treemap_fixed__hashtag.html
le journal des sciences,treemap_fixed__le_journal_des_sciences.html
"dimanche, et apres ?",treemap_fixed__dimanche_et_apres.html
l'edito,treemap_fixed__l_edito.html
la madeleine de...,treemap_fixed__la_madeleine_de.html
alla breve : l'integrale,treemap_fixed__alla_breve_l_integrale.html
open mike - guest dj,treemap_fixed__open_mike_guest_dj.html
esprit de justice,treemap_fixed__esprit_de_justice.html
les bonnes ondes,treemap_fixed__les_bonnes_ondes.html
portraits sonores,treemap_fixed__portraits_sonores.html
"une vie, une oeuvre",treemap_fixed__une_vie_une_oeuvre.html
musicaline,treemap_fixed__musicaline.html
mecaniques des epidemies,treemap_fixed__mecaniques_des_epidemies.html
esprit des lieux,treemap_fixed__esprit_des_lieux.html
open mike - le mix,treemap_fixed__open_mike_le_mix.html
mouv' dj : la caution,treemap_fixed__mouv_dj_la_caution.html
sur les docks,treemap_fixed__sur_les_docks.html
ca peut pas faire de mal,treemap_fixed__ca_peut_pas_faire_de_mal.html
le 7h43,treemap_fixed__le_7h43.html
la piece jointe,treemap_fixed__la_piece_jointe.html
le wake-up mix - l'integral,treemap_fixed__le_wake_up_mix_l_integral.html
le temps du debat d'ete,treemap_fixed__le_temps_du_debat_d_ete.html
les regardeurs,treemap_fixed__les_regardeurs.html
l'ete archi,treemap_fixed__l_ete_archi.html
la librairie francophone,treemap_fixed__la_librairie_francophone.html
dans le pretoire,treemap_fixed__dans_le_pretoire.html
le rayon bd,treemap_fixed__le_rayon_bd.html
les idees claires,treemap_fixed__les_idees_claires.html
social lab,treemap_fixed__social_lab.html
et maintenant ?,treemap_fixed__et_maintenant.html
l'invite du jour,treemap_fixed__l_invite_du_jour.html
totemic,treemap_fixed__totemic.html
la transition,treemap_fixed__la_transition.html
feed info,treemap_fixed__feed_info.html
regarde le monde,treemap_fixed__regarde_le_monde.html
les chantiers de la recherche,treemap_fixed__les_chantiers_de_la_recherche.html
l'invite du week end,treemap_fixed__l_invite_du_week_end.html
le reportage de la terre au carre,treemap_fixed__le_reportage_de_la_terre_au_carre.html
le journal de la philo,treemap_fixed__le_journal_de_la_philo.html
matieres a penser,treemap_fixed__matieres_a_penser.html
la compagnie des oeuvres,treemap_fixed__la_compagnie_des_oeuvres.html
choix de la redaction,treemap_fixed__choix_de_la_redaction.html
le pourquoi du comment : science,treemap_fixed__le_pourquoi_du_comment_science.html
live a fip,treemap_fixed__live_a_fip.html
avoir raison avec...,treemap_fixed__avoir_raison_avec.html
bach et l'orgue,treemap_fixed__bach_et_l_orgue.html
fictions / samedi noir,treemap_fixed__fictions_samedi_noir.html
c'est deja demain,treemap_fixed__c_est_deja_demain.html
la pluie et le beau temps,treemap_fixed__la_pluie_et_le_beau_temps.html
la selection sports,treemap_fixed__la_selection_sports.html
l'interview,treemap_fixed__l_interview.html
